uf;cargo;partido;forma_eleicao;quantidade
AC;DEPUTADO ESTADUAL;MDB;ELEITO POR MÉDIA;1
AC;DEPUTADO ESTADUAL;MDB;ELEITO POR QP;1
AC;DEPUTADO ESTADUAL;NOVO;ELEITO POR QP;1
AC;DEPUTADO ESTADUAL;PCDOB;ELEITO POR QP;1
AC;DEPUTADO ESTADUAL;PDT;ELEITO POR QP;1
AC;DEPUTADO ESTADUAL;PL;ELEITO POR MÉDIA;1
AC;DEPUTADO ESTADUAL;PL;ELEITO POR QP;3
AC;DEPUTADO ESTADUAL;PP;ELEITO POR QP;5
AC;DEPUTADO ESTADUAL;PSD;ELEITO POR QP;2
AC;DEPUTADO ESTADUAL;PSDB;ELEITO POR MÉDIA;1
AC;DEPUTADO ESTADUAL;REPUBLICANOS;ELEITO POR QP;3
AC;DEPUTADO ESTADUAL;UNIÃO;ELEITO POR MÉDIA;1
AC;DEPUTADO ESTADUAL;UNIÃO;ELEITO POR QP;3
AC;DEPUTADO FEDERAL;MDB;ELEITO POR QP;1
AC;DEPUTADO FEDERAL;PCDOB;ELEITO POR MÉDIA;1
AC;DEPUTADO FEDERAL;PL;ELEITO POR QP;1
AC;DEPUTADO FEDERAL;PP;ELEITO POR MÉDIA;1
AC;DEPUTADO FEDERAL;PP;ELEITO POR QP;1
AC;DEPUTADO FEDERAL;REPUBLICANOS;ELEITO POR QP;1
AC;DEPUTADO FEDERAL;UNIÃO;ELEITO POR QP;2
AL;DEPUTADO ESTADUAL;MDB;ELEITO POR MÉDIA;1
AL;DEPUTADO ESTADUAL;MDB;ELEITO POR QP;14
AL;DEPUTADO ESTADUAL;PL;ELEITO POR QP;2
AL;DEPUTADO ESTADUAL;PP;ELEITO POR MÉDIA;1
AL;DEPUTADO ESTADUAL;PP;ELEITO POR QP;2
AL;DEPUTADO ESTADUAL;PSDB;ELEITO POR QP;2
AL;DEPUTADO ESTADUAL;PT;ELEITO POR QP;3
AL;DEPUTADO ESTADUAL;UNIÃO;ELEITO POR QP;2
AL;DEPUTADO FEDERAL;MDB;ELEITO POR MÉDIA;1
AL;DEPUTADO FEDERAL;MDB;ELEITO POR QP;1
AL;DEPUTADO FEDERAL;PP;ELEITO POR QP;3
AL;DEPUTADO FEDERAL;PSD;ELEITO POR QP;2
AL;DEPUTADO FEDERAL;PSDB;ELEITO POR MÉDIA;1
AL;DEPUTADO FEDERAL;UNIÃO;ELEITO POR MÉDIA;1
AM;DEPUTADO ESTADUAL;AGIR;ELEITO POR QP;1
AM;DEPUTADO ESTADUAL;AVANTE;ELEITO POR MÉDIA;1
AM;DEPUTADO ESTADUAL;AVANTE;ELEITO POR QP;2
AM;DEPUTADO ESTADUAL;MDB;ELEITO POR QP;3
AM;DEPUTADO ESTADUAL;PL;ELEITO POR QP;3
AM;DEPUTADO ESTADUAL;PODE;ELEITO POR MÉDIA;1
AM;DEPUTADO ESTADUAL;PODE;ELEITO POR QP;1
AM;DEPUTADO ESTADUAL;PSD;ELEITO POR MÉDIA;1
AM;DEPUTADO ESTADUAL;PSD;ELEITO POR QP;3
AM;DEPUTADO ESTADUAL;PT;ELEITO POR MÉDIA;1
AM;DEPUTADO ESTADUAL;PT;ELEITO POR QP;1
AM;DEPUTADO ESTADUAL;REPUBLICANOS;ELEITO POR QP;1
AM;DEPUTADO ESTADUAL;UNIÃO;ELEITO POR MÉDIA;1
AM;DEPUTADO ESTADUAL;UNIÃO;ELEITO POR QP;4
AM;DEPUTADO FEDERAL;MDB;ELEITO POR MÉDIA;1
AM;DEPUTADO FEDERAL;MDB;ELEITO POR QP;1
AM;DEPUTADO FEDERAL;PL;ELEITO POR MÉDIA;1
AM;DEPUTADO FEDERAL;PL;ELEITO POR QP;1
AM;DEPUTADO FEDERAL;PSD;ELEITO POR QP;1
AM;DEPUTADO FEDERAL;REPUBLICANOS;ELEITO POR QP;1
AM;DEPUTADO FEDERAL;UNIÃO;ELEITO POR MÉDIA;1
AM;DEPUTADO FEDERAL;UNIÃO;ELEITO POR QP;1
AP;DEPUTADO ESTADUAL;MDB;ELEITO POR MÉDIA;1
AP;DEPUTADO ESTADUAL;MDB;ELEITO POR QP;1
AP;DEPUTADO ESTADUAL;PDT;ELEITO POR MÉDIA;1
AP;DEPUTADO ESTADUAL;PDT;ELEITO POR QP;2
AP;DEPUTADO ESTADUAL;PL;ELEITO POR QP;1
AP;DEPUTADO ESTADUAL;PODE;ELEITO POR QP;2
AP;DEPUTADO ESTADUAL;PP;ELEITO POR QP;1
AP;DEPUTADO ESTADUAL;PSD;ELEITO POR QP;2
AP;DEPUTADO ESTADUAL;PT;ELEITO POR QP;1
AP;DEPUTADO ESTADUAL;REDE;ELEITO POR QP;2
AP;DEPUTADO ESTADUAL;REPUBLICANOS;ELEITO POR MÉDIA;1
AP;DEPUTADO ESTADUAL;REPUBLICANOS;ELEITO POR QP;4
AP;DEPUTADO ESTADUAL;UNIÃO;ELEITO POR MÉDIA;1
AP;DEPUTADO ESTADUAL;UNIÃO;ELEITO POR QP;4
AP;DEPUTADO FEDERAL;PCDOB;ELEITO POR QP;1
AP;DEPUTADO FEDERAL;PDT;ELEITO POR MÉDIA;1
AP;DEPUTADO FEDERAL;PDT;ELEITO POR QP;1
AP;DEPUTADO FEDERAL;PL;ELEITO POR MÉDIA;1
AP;DEPUTADO FEDERAL;PODE;ELEITO POR QP;1
AP;DEPUTADO FEDERAL;UNIÃO;ELEITO POR MÉDIA;1
AP;DEPUTADO FEDERAL;UNIÃO;ELEITO POR QP;2
BA;DEPUTADO ESTADUAL;AVANTE;ELEITO POR QP;5
BA;DEPUTADO ESTADUAL;MDB;ELEITO POR QP;2
BA;DEPUTADO ESTADUAL;PCDOB;ELEITO POR QP;3
BA;DEPUTADO ESTADUAL;PDT;ELEITO POR MÉDIA;1
BA;DEPUTADO ESTADUAL;PDT;ELEITO POR QP;4
BA;DEPUTADO ESTADUAL;PL;ELEITO POR MÉDIA;1
BA;DEPUTADO ESTADUAL;PL;ELEITO POR QP;6
BA;DEPUTADO ESTADUAL;PP;ELEITO POR QP;3
BA;DEPUTADO ESTADUAL;PSD;ELEITO POR MÉDIA;1
BA;DEPUTADO ESTADUAL;PSD;ELEITO POR QP;8
BA;DEPUTADO ESTADUAL;PSDB;ELEITO POR QP;2
BA;DEPUTADO ESTADUAL;PSOL;ELEITO POR QP;1
BA;DEPUTADO ESTADUAL;PT;ELEITO POR MÉDIA;2
BA;DEPUTADO ESTADUAL;PT;ELEITO POR QP;12
BA;DEPUTADO ESTADUAL;PV;ELEITO POR MÉDIA;1
BA;DEPUTADO ESTADUAL;PV;ELEITO POR QP;2
BA;DEPUTADO ESTADUAL;REPUBLICANOS;ELEITO POR MÉDIA;1
BA;DEPUTADO ESTADUAL;REPUBLICANOS;ELEITO POR QP;3
BA;DEPUTADO ESTADUAL;UNIÃO;ELEITO POR QP;5
BA;DEPUTADO FEDERAL;AVANTE;ELEITO POR MÉDIA;1
BA;DEPUTADO FEDERAL;AVANTE;ELEITO POR QP;2
BA;DEPUTADO FEDERAL;MDB;ELEITO POR QP;1
BA;DEPUTADO FEDERAL;PCDOB;ELEITO POR QP;3
BA;DEPUTADO FEDERAL;PDT;ELEITO POR MÉDIA;1
BA;DEPUTADO FEDERAL;PL;ELEITO POR MÉDIA;1
BA;DEPUTADO FEDERAL;PL;ELEITO POR QP;3
BA;DEPUTADO FEDERAL;PP;ELEITO POR QP;2
BA;DEPUTADO FEDERAL;PSB;ELEITO POR QP;1
BA;DEPUTADO FEDERAL;PSD;ELEITO POR MÉDIA;1
BA;DEPUTADO FEDERAL;PSD;ELEITO POR QP;5
BA;DEPUTADO FEDERAL;PSDB;ELEITO POR QP;2
BA;DEPUTADO FEDERAL;PT;ELEITO POR MÉDIA;1
BA;DEPUTADO FEDERAL;PT;ELEITO POR QP;6
BA;DEPUTADO FEDERAL;REPUBLICANOS;ELEITO POR QP;3
BA;DEPUTADO FEDERAL;UNIÃO;ELEITO POR MÉDIA;1
BA;DEPUTADO FEDERAL;UNIÃO;ELEITO POR QP;5
CE;DEPUTADO ESTADUAL;MDB;ELEITO POR QP;1
CE;DEPUTADO ESTADUAL;PL;ELEITO POR QP;6
CE;DEPUTADO ESTADUAL;PP;ELEITO POR QP;1
CE;DEPUTADO ESTADUAL;PSB;ELEITO POR MÉDIA;2
CE;DEPUTADO ESTADUAL;PSB;ELEITO POR QP;11
CE;DEPUTADO ESTADUAL;PSD;ELEITO POR MÉDIA;1
CE;DEPUTADO ESTADUAL;PSD;ELEITO POR QP;2
CE;DEPUTADO ESTADUAL;PSDB;ELEITO POR QP;3
CE;DEPUTADO ESTADUAL;PSOL;ELEITO POR QP;2
CE;DEPUTADO ESTADUAL;PT;ELEITO POR MÉDIA;1
CE;DEPUTADO ESTADUAL;PT;ELEITO POR QP;10
CE;DEPUTADO ESTADUAL;PV;ELEITO POR QP;1
CE;DEPUTADO ESTADUAL;REPUBLICANOS;ELEITO POR QP;2
CE;DEPUTADO ESTADUAL;SOLIDARIEDADE;ELEITO POR MÉDIA;1
CE;DEPUTADO ESTADUAL;UNIÃO;ELEITO POR MÉDIA;1
CE;DEPUTADO ESTADUAL;UNIÃO;ELEITO POR QP;1
CE;DEPUTADO FEDERAL;MDB;ELEITO POR MÉDIA;1
CE;DEPUTADO FEDERAL;MDB;ELEITO POR QP;1
CE;DEPUTADO FEDERAL;PL;ELEITO POR QP;4
CE;DEPUTADO FEDERAL;PP;ELEITO POR MÉDIA;1
CE;DEPUTADO FEDERAL;PP;ELEITO POR QP;1
CE;DEPUTADO FEDERAL;PRD;ELEITO POR QP;1
CE;DEPUTADO FEDERAL;PSB;ELEITO POR MÉDIA;1
CE;DEPUTADO FEDERAL;PSB;ELEITO POR QP;3
CE;DEPUTADO FEDERAL;PSD;ELEITO POR MÉDIA;1
CE;DEPUTADO FEDERAL;PSD;ELEITO POR QP;2
CE;DEPUTADO FEDERAL;PT;ELEITO POR MÉDIA;1
CE;DEPUTADO FEDERAL;PT;ELEITO POR QP;2
CE;DEPUTADO FEDERAL;REPUBLICANOS;ELEITO POR MÉDIA;1
CE;DEPUTADO FEDERAL;SOLIDARIEDADE;ELEITO POR MÉDIA;1
CE;DEPUTADO FEDERAL;UNIÃO;ELEITO POR QP;1
DF;DEPUTADO DISTRITAL;MDB;ELEITO POR MÉDIA;1
DF;DEPUTADO DISTRITAL;MDB;ELEITO POR QP;2
DF;DEPUTADO DISTRITAL;PL;ELEITO POR MÉDIA;2
DF;DEPUTADO DISTRITAL;PL;ELEITO POR QP;3
DF;DEPUTADO DISTRITAL;PODE;ELEITO POR QP;1
DF;DEPUTADO DISTRITAL;PP;ELEITO POR MÉDIA;2
DF;DEPUTADO DISTRITAL;PP;ELEITO POR QP;1
DF;DEPUTADO DISTRITAL;PSB;ELEITO POR MÉDIA;1
DF;DEPUTADO DISTRITAL;PSB;ELEITO POR QP;1
DF;DEPUTADO DISTRITAL;PSD;ELEITO POR QP;1
DF;DEPUTADO DISTRITAL;PSOL;ELEITO POR QP;2
DF;DEPUTADO DISTRITAL;PT;ELEITO POR MÉDIA;1
DF;DEPUTADO DISTRITAL;PT;ELEITO POR QP;2
DF;DEPUTADO DISTRITAL;REPUBLICANOS;ELEITO POR MÉDIA;1
DF;DEPUTADO DISTRITAL;REPUBLICANOS;ELEITO POR QP;2
DF;DEPUTADO DISTRITAL;UNIÃO;ELEITO POR QP;1
DF;DEPUTADO FEDERAL;MDB;ELEITO POR QP;1
DF;DEPUTADO FEDERAL;PL;ELEITO POR MÉDIA;1
DF;DEPUTADO FEDERAL;PL;ELEITO POR QP;2
DF;DEPUTADO FEDERAL;PSOL;ELEITO POR QP;1
DF;DEPUTADO FEDERAL;PT;ELEITO POR QP;1
DF;DEPUTADO FEDERAL;PV;ELEITO POR MÉDIA;1
DF;DEPUTADO FEDERAL;REPUBLICANOS;ELEITO POR MÉDIA;1
ES;DEPUTADO ESTADUAL;AGIR;ELEITO POR QP;2
ES;DEPUTADO ESTADUAL;MDB;ELEITO POR MÉDIA;1
ES;DEPUTADO ESTADUAL;MDB;ELEITO POR QP;3
ES;DEPUTADO ESTADUAL;PL;ELEITO POR MÉDIA;1
ES;DEPUTADO ESTADUAL;PL;ELEITO POR QP;5
ES;DEPUTADO ESTADUAL;PODE;ELEITO POR MÉDIA;1
ES;DEPUTADO ESTADUAL;PODE;ELEITO POR QP;3
ES;DEPUTADO ESTADUAL;PP;ELEITO POR QP;4
ES;DEPUTADO ESTADUAL;PSB;ELEITO POR MÉDIA;1
ES;DEPUTADO ESTADUAL;PSB;ELEITO POR QP;2
ES;DEPUTADO ESTADUAL;PSOL;ELEITO POR QP;1
ES;DEPUTADO ESTADUAL;PT;ELEITO POR MÉDIA;1
ES;DEPUTADO ESTADUAL;PT;ELEITO POR QP;2
ES;DEPUTADO ESTADUAL;REPUBLICANOS;ELEITO POR QP;2
ES;DEPUTADO ESTADUAL;UNIÃO;ELEITO POR MÉDIA;1
ES;DEPUTADO FEDERAL;PL;ELEITO POR QP;2
ES;DEPUTADO FEDERAL;PODE;ELEITO POR QP;1
ES;DEPUTADO FEDERAL;PP;ELEITO POR QP;1
ES;DEPUTADO FEDERAL;PSB;ELEITO POR QP;1
ES;DEPUTADO FEDERAL;PT;ELEITO POR MÉDIA;1
ES;DEPUTADO FEDERAL;PT;ELEITO POR QP;1
ES;DEPUTADO FEDERAL;REPUBLICANOS;ELEITO POR MÉDIA;1
ES;DEPUTADO FEDERAL;UNIÃO;ELEITO POR MÉDIA;1
ES;DEPUTADO FEDERAL;UNIÃO;ELEITO POR QP;1
GO;DEPUTADO ESTADUAL;AGIR;ELEITO POR MÉDIA;1
GO;DEPUTADO ESTADUAL;AGIR;ELEITO POR QP;1
GO;DEPUTADO ESTADUAL;CIDADANIA;ELEITO POR QP;1
GO;DEPUTADO ESTADUAL;MDB;ELEITO POR MÉDIA;1
GO;DEPUTADO ESTADUAL;MDB;ELEITO POR QP;6
GO;DEPUTADO ESTADUAL;MOBILIZA;ELEITO POR QP;3
GO;DEPUTADO ESTADUAL;NOVO;ELEITO POR QP;2
GO;DEPUTADO ESTADUAL;PL;ELEITO POR MÉDIA;1
GO;DEPUTADO ESTADUAL;PL;ELEITO POR QP;4
GO;DEPUTADO ESTADUAL;PODE;ELEITO POR QP;2
GO;DEPUTADO ESTADUAL;PP;ELEITO POR QP;1
GO;DEPUTADO ESTADUAL;PRD;ELEITO POR MÉDIA;1
GO;DEPUTADO ESTADUAL;PRD;ELEITO POR QP;2
GO;DEPUTADO ESTADUAL;PSB;ELEITO POR QP;1
GO;DEPUTADO ESTADUAL;PSD;ELEITO POR MÉDIA;1
GO;DEPUTADO ESTADUAL;PSD;ELEITO POR QP;1
GO;DEPUTADO ESTADUAL;PSDB;ELEITO POR QP;2
GO;DEPUTADO ESTADUAL;PT;ELEITO POR MÉDIA;1
GO;DEPUTADO ESTADUAL;PT;ELEITO POR QP;3
GO;DEPUTADO ESTADUAL;REPUBLICANOS;ELEITO POR QP;1
GO;DEPUTADO ESTADUAL;SOLIDARIEDADE;ELEITO POR QP;1
GO;DEPUTADO ESTADUAL;UNIÃO;ELEITO POR MÉDIA;1
GO;DEPUTADO ESTADUAL;UNIÃO;ELEITO POR QP;3
GO;DEPUTADO FEDERAL;MDB;ELEITO POR MÉDIA;1
GO;DEPUTADO FEDERAL;MDB;ELEITO POR QP;1
GO;DEPUTADO FEDERAL;PL;ELEITO POR MÉDIA;1
GO;DEPUTADO FEDERAL;PL;ELEITO POR QP;3
GO;DEPUTADO FEDERAL;PODE;ELEITO POR MÉDIA;1
GO;DEPUTADO FEDERAL;PP;ELEITO POR QP;1
GO;DEPUTADO FEDERAL;PRD;ELEITO POR QP;1
GO;DEPUTADO FEDERAL;PSD;ELEITO POR MÉDIA;1
GO;DEPUTADO FEDERAL;PSD;ELEITO POR QP;1
GO;DEPUTADO FEDERAL;PT;ELEITO POR MÉDIA;1
GO;DEPUTADO FEDERAL;PT;ELEITO POR QP;1
GO;DEPUTADO FEDERAL;REPUBLICANOS;ELEITO POR QP;1
GO;DEPUTADO FEDERAL;UNIÃO;ELEITO POR MÉDIA;1
GO;DEPUTADO FEDERAL;UNIÃO;ELEITO POR QP;2
MA;DEPUTADO ESTADUAL;MDB;ELEITO POR MÉDIA;3
MA;DEPUTADO ESTADUAL;MDB;ELEITO POR QP;14
MA;DEPUTADO ESTADUAL;PDT;ELEITO POR MÉDIA;1
MA;DEPUTADO ESTADUAL;PDT;ELEITO POR QP;2
MA;DEPUTADO ESTADUAL;PL;ELEITO POR MÉDIA;1
MA;DEPUTADO ESTADUAL;PL;ELEITO POR QP;6
MA;DEPUTADO ESTADUAL;PRD;ELEITO POR QP;1
MA;DEPUTADO ESTADUAL;PSB;ELEITO POR QP;2
MA;DEPUTADO ESTADUAL;PSD;ELEITO POR QP;4
MA;DEPUTADO ESTADUAL;PT;ELEITO POR QP;2
MA;DEPUTADO ESTADUAL;REPUBLICANOS;ELEITO POR QP;4
MA;DEPUTADO ESTADUAL;UNIÃO;ELEITO POR QP;2
MA;DEPUTADO FEDERAL;MDB;ELEITO POR MÉDIA;1
MA;DEPUTADO FEDERAL;MDB;ELEITO POR QP;4
MA;DEPUTADO FEDERAL;PCDOB;ELEITO POR MÉDIA;1
MA;DEPUTADO FEDERAL;PDT;ELEITO POR MÉDIA;1
MA;DEPUTADO FEDERAL;PL;ELEITO POR MÉDIA;1
MA;DEPUTADO FEDERAL;PL;ELEITO POR QP;3
MA;DEPUTADO FEDERAL;PP;ELEITO POR QP;1
MA;DEPUTADO FEDERAL;PRD;ELEITO POR QP;1
MA;DEPUTADO FEDERAL;PSDB;ELEITO POR MÉDIA;1
MA;DEPUTADO FEDERAL;PT;ELEITO POR QP;1
MA;DEPUTADO FEDERAL;REPUBLICANOS;ELEITO POR MÉDIA;1
MA;DEPUTADO FEDERAL;UNIÃO;ELEITO POR MÉDIA;1
MA;DEPUTADO FEDERAL;UNIÃO;ELEITO POR QP;1
MG;DEPUTADO ESTADUAL;AVANTE;ELEITO POR MÉDIA;1
MG;DEPUTADO ESTADUAL;AVANTE;ELEITO POR QP;1
MG;DEPUTADO ESTADUAL;DEMOCRATA;ELEITO POR QP;1
MG;DEPUTADO ESTADUAL;NOVO;ELEITO POR MÉDIA;1
MG;DEPUTADO ESTADUAL;NOVO;ELEITO POR QP;1
MG;DEPUTADO ESTADUAL;PDT;ELEITO POR QP;1
MG;DEPUTADO ESTADUAL;PL;ELEITO POR MÉDIA;2
MG;DEPUTADO ESTADUAL;PL;ELEITO POR QP;19
MG;DEPUTADO ESTADUAL;PODE;ELEITO POR MÉDIA;1
MG;DEPUTADO ESTADUAL;PODE;ELEITO POR QP;1
MG;DEPUTADO ESTADUAL;PP;ELEITO POR MÉDIA;1
MG;DEPUTADO ESTADUAL;PP;ELEITO POR QP;4
MG;DEPUTADO ESTADUAL;PRD;ELEITO POR MÉDIA;1
MG;DEPUTADO ESTADUAL;PRD;ELEITO POR QP;2
MG;DEPUTADO ESTADUAL;PSB;ELEITO POR QP;2
MG;DEPUTADO ESTADUAL;PSD;ELEITO POR MÉDIA;1
MG;DEPUTADO ESTADUAL;PSD;ELEITO POR QP;8
MG;DEPUTADO ESTADUAL;PSDB;ELEITO POR MÉDIA;1
MG;DEPUTADO ESTADUAL;PSDB;ELEITO POR QP;2
MG;DEPUTADO ESTADUAL;PSOL;ELEITO POR QP;1
MG;DEPUTADO ESTADUAL;PT;ELEITO POR QP;15
MG;DEPUTADO ESTADUAL;PV;ELEITO POR MÉDIA;1
MG;DEPUTADO ESTADUAL;PV;ELEITO POR QP;1
MG;DEPUTADO ESTADUAL;REDE;ELEITO POR QP;1
MG;DEPUTADO ESTADUAL;REPUBLICANOS;ELEITO POR QP;4
MG;DEPUTADO ESTADUAL;UNIÃO;ELEITO POR QP;3
MG;DEPUTADO FEDERAL;AVANTE;ELEITO POR QP;1
MG;DEPUTADO FEDERAL;MDB;ELEITO POR MÉDIA;1
MG;DEPUTADO FEDERAL;PL;ELEITO POR QP;21
MG;DEPUTADO FEDERAL;PODE;ELEITO POR QP;1
MG;DEPUTADO FEDERAL;PP;ELEITO POR QP;2
MG;DEPUTADO FEDERAL;PRD;ELEITO POR QP;1
MG;DEPUTADO FEDERAL;PSB;ELEITO POR QP;1
MG;DEPUTADO FEDERAL;PSD;ELEITO POR QP;2
MG;DEPUTADO FEDERAL;PSDB;ELEITO POR QP;1
MG;DEPUTADO FEDERAL;PSOL;ELEITO POR QP;1
MG;DEPUTADO FEDERAL;PT;ELEITO POR MÉDIA;3
MG;DEPUTADO FEDERAL;PT;ELEITO POR QP;9
MG;DEPUTADO FEDERAL;PV;ELEITO POR QP;1
MG;DEPUTADO FEDERAL;REDE;ELEITO POR QP;1
MG;DEPUTADO FEDERAL;REPUBLICANOS;ELEITO POR MÉDIA;1
MG;DEPUTADO FEDERAL;REPUBLICANOS;ELEITO POR QP;2
MG;DEPUTADO FEDERAL;UNIÃO;ELEITO POR MÉDIA;1
MG;DEPUTADO FEDERAL;UNIÃO;ELEITO POR QP;3
MS;DEPUTADO ESTADUAL;AVANTE;ELEITO POR QP;1
MS;DEPUTADO ESTADUAL;MDB;ELEITO POR QP;1
MS;DEPUTADO ESTADUAL;PL;ELEITO POR MÉDIA;2
MS;DEPUTADO ESTADUAL;PL;ELEITO POR QP;7
MS;DEPUTADO ESTADUAL;PP;ELEITO POR QP;3
MS;DEPUTADO ESTADUAL;PSDB;ELEITO POR QP;3
MS;DEPUTADO ESTADUAL;PT;ELEITO POR MÉDIA;1
MS;DEPUTADO ESTADUAL;PT;ELEITO POR QP;3
MS;DEPUTADO ESTADUAL;REPUBLICANOS;ELEITO POR MÉDIA;1
MS;DEPUTADO ESTADUAL;REPUBLICANOS;ELEITO POR QP;1
MS;DEPUTADO ESTADUAL;UNIÃO;ELEITO POR QP;1
MS;DEPUTADO FEDERAL;PL;ELEITO POR MÉDIA;1
MS;DEPUTADO FEDERAL;PL;ELEITO POR QP;2
MS;DEPUTADO FEDERAL;PP;ELEITO POR MÉDIA;1
MS;DEPUTADO FEDERAL;PT;ELEITO POR QP;1
MS;DEPUTADO FEDERAL;REPUBLICANOS;ELEITO POR MÉDIA;1
MS;DEPUTADO FEDERAL;REPUBLICANOS;ELEITO POR QP;1
MS;DEPUTADO FEDERAL;UNIÃO;ELEITO POR QP;1
MT;DEPUTADO ESTADUAL;MDB;ELEITO POR QP;3
MT;DEPUTADO ESTADUAL;PL;ELEITO POR MÉDIA;1
MT;DEPUTADO ESTADUAL;PL;ELEITO POR QP;3
MT;DEPUTADO ESTADUAL;PODE;ELEITO POR MÉDIA;1
MT;DEPUTADO ESTADUAL;PODE;ELEITO POR QP;5
MT;DEPUTADO ESTADUAL;PSD;ELEITO POR MÉDIA;1
MT;DEPUTADO ESTADUAL;PSDB;ELEITO POR MÉDIA;1
MT;DEPUTADO ESTADUAL;PSDB;ELEITO POR QP;1
MT;DEPUTADO ESTADUAL;PT;ELEITO POR QP;2
MT;DEPUTADO ESTADUAL;REPUBLICANOS;ELEITO POR MÉDIA;1
MT;DEPUTADO ESTADUAL;REPUBLICANOS;ELEITO POR QP;3
MT;DEPUTADO ESTADUAL;UNIÃO;ELEITO POR MÉDIA;1
MT;DEPUTADO ESTADUAL;UNIÃO;ELEITO POR QP;1
MT;DEPUTADO FEDERAL;PL;ELEITO POR MÉDIA;1
MT;DEPUTADO FEDERAL;PL;ELEITO POR QP;2
MT;DEPUTADO FEDERAL;PODE;ELEITO POR QP;1
MT;DEPUTADO FEDERAL;PT;ELEITO POR MÉDIA;1
MT;DEPUTADO FEDERAL;REPUBLICANOS;ELEITO POR MÉDIA;1
MT;DEPUTADO FEDERAL;UNIÃO;ELEITO POR MÉDIA;1
MT;DEPUTADO FEDERAL;UNIÃO;ELEITO POR QP;1
PA;DEPUTADO ESTADUAL;AVANTE;ELEITO POR QP;2
PA;DEPUTADO ESTADUAL;MDB;ELEITO POR MÉDIA;1
PA;DEPUTADO ESTADUAL;MDB;ELEITO POR QP;12
PA;DEPUTADO ESTADUAL;PDT;ELEITO POR QP;1
PA;DEPUTADO ESTADUAL;PL;ELEITO POR MÉDIA;1
PA;DEPUTADO ESTADUAL;PL;ELEITO POR QP;6
PA;DEPUTADO ESTADUAL;PODE;ELEITO POR MÉDIA;1
PA;DEPUTADO ESTADUAL;PODE;ELEITO POR QP;2
PA;DEPUTADO ESTADUAL;PP;ELEITO POR MÉDIA;1
PA;DEPUTADO ESTADUAL;PP;ELEITO POR QP;1
PA;DEPUTADO ESTADUAL;PSD;ELEITO POR QP;3
PA;DEPUTADO ESTADUAL;PSOL;ELEITO POR MÉDIA;1
PA;DEPUTADO ESTADUAL;PT;ELEITO POR QP;3
PA;DEPUTADO ESTADUAL;PV;ELEITO POR QP;1
PA;DEPUTADO ESTADUAL;REPUBLICANOS;ELEITO POR QP;2
PA;DEPUTADO ESTADUAL;UNIÃO;ELEITO POR QP;3
PA;DEPUTADO FEDERAL;MDB;ELEITO POR MÉDIA;2
PA;DEPUTADO FEDERAL;MDB;ELEITO POR QP;4
PA;DEPUTADO FEDERAL;PL;ELEITO POR MÉDIA;1
PA;DEPUTADO FEDERAL;PL;ELEITO POR QP;2
PA;DEPUTADO FEDERAL;PODE;ELEITO POR MÉDIA;1
PA;DEPUTADO FEDERAL;PODE;ELEITO POR QP;1
PA;DEPUTADO FEDERAL;PP;ELEITO POR QP;1
PA;DEPUTADO FEDERAL;PSB;ELEITO POR QP;1
PA;DEPUTADO FEDERAL;PSD;ELEITO POR MÉDIA;1
PA;DEPUTADO FEDERAL;PSD;ELEITO POR QP;1
PA;DEPUTADO FEDERAL;PT;ELEITO POR MÉDIA;1
PA;DEPUTADO FEDERAL;PT;ELEITO POR QP;1
PB;DEPUTADO ESTADUAL;MDB;ELEITO POR QP;4
PB;DEPUTADO ESTADUAL;PCDOB;ELEITO POR QP;1
PB;DEPUTADO ESTADUAL;PL;ELEITO POR MÉDIA;1
PB;DEPUTADO ESTADUAL;PL;ELEITO POR QP;5
PB;DEPUTADO ESTADUAL;PP;ELEITO POR MÉDIA;1
PB;DEPUTADO ESTADUAL;PP;ELEITO POR QP;7
PB;DEPUTADO ESTADUAL;PSB;ELEITO POR QP;3
PB;DEPUTADO ESTADUAL;PT;ELEITO POR MÉDIA;1
PB;DEPUTADO ESTADUAL;PT;ELEITO POR QP;1
PB;DEPUTADO ESTADUAL;PV;ELEITO POR QP;2
PB;DEPUTADO ESTADUAL;REPUBLICANOS;ELEITO POR MÉDIA;1
PB;DEPUTADO ESTADUAL;REPUBLICANOS;ELEITO POR QP;7
PB;DEPUTADO ESTADUAL;UNIÃO;ELEITO POR QP;2
PB;DEPUTADO FEDERAL;PCDOB;ELEITO POR MÉDIA;1
PB;DEPUTADO FEDERAL;PL;ELEITO POR MÉDIA;1
PB;DEPUTADO FEDERAL;PL;ELEITO POR QP;1
PB;DEPUTADO FEDERAL;PODE;ELEITO POR QP;1
PB;DEPUTADO FEDERAL;PP;ELEITO POR MÉDIA;1
PB;DEPUTADO FEDERAL;PP;ELEITO POR QP;1
PB;DEPUTADO FEDERAL;PSD;ELEITO POR QP;1
PB;DEPUTADO FEDERAL;PT;ELEITO POR QP;1
PB;DEPUTADO FEDERAL;REPUBLICANOS;ELEITO POR MÉDIA;1
PB;DEPUTADO FEDERAL;REPUBLICANOS;ELEITO POR QP;2
PB;DEPUTADO FEDERAL;UNIÃO;ELEITO POR QP;1
PE;DEPUTADO ESTADUAL;AVANTE;ELEITO POR QP;1
PE;DEPUTADO ESTADUAL;MDB;ELEITO POR MÉDIA;1
PE;DEPUTADO ESTADUAL;MDB;ELEITO POR QP;1
PE;DEPUTADO ESTADUAL;NOVO;ELEITO POR QP;1
PE;DEPUTADO ESTADUAL;PCDOB;ELEITO POR QP;1
PE;DEPUTADO ESTADUAL;PL;ELEITO POR QP;3
PE;DEPUTADO ESTADUAL;PODE;ELEITO POR MÉDIA;1
PE;DEPUTADO ESTADUAL;PODE;ELEITO POR QP;5
PE;DEPUTADO ESTADUAL;PP;ELEITO POR MÉDIA;1
PE;DEPUTADO ESTADUAL;PP;ELEITO POR QP;6
PE;DEPUTADO ESTADUAL;PSB;ELEITO POR MÉDIA;1
PE;DEPUTADO ESTADUAL;PSB;ELEITO POR QP;8
PE;DEPUTADO ESTADUAL;PSD;ELEITO POR MÉDIA;1
PE;DEPUTADO ESTADUAL;PSD;ELEITO POR QP;8
PE;DEPUTADO ESTADUAL;PT;ELEITO POR MÉDIA;1
PE;DEPUTADO ESTADUAL;PT;ELEITO POR QP;4
PE;DEPUTADO ESTADUAL;PV;ELEITO POR QP;3
PE;DEPUTADO ESTADUAL;REPUBLICANOS;ELEITO POR QP;1
PE;DEPUTADO ESTADUAL;UNIÃO;ELEITO POR QP;1
PE;DEPUTADO FEDERAL;AVANTE;ELEITO POR MÉDIA;1
PE;DEPUTADO FEDERAL;MDB;ELEITO POR MÉDIA;1
PE;DEPUTADO FEDERAL;NOVO;ELEITO POR MÉDIA;1
PE;DEPUTADO FEDERAL;PL;ELEITO POR MÉDIA;1
PE;DEPUTADO FEDERAL;PL;ELEITO POR QP;1
PE;DEPUTADO FEDERAL;PODE;ELEITO POR MÉDIA;1
PE;DEPUTADO FEDERAL;PODE;ELEITO POR QP;2
PE;DEPUTADO FEDERAL;PP;ELEITO POR QP;2
PE;DEPUTADO FEDERAL;PSB;ELEITO POR QP;4
PE;DEPUTADO FEDERAL;PSD;ELEITO POR QP;2
PE;DEPUTADO FEDERAL;PSOL;ELEITO POR QP;1
PE;DEPUTADO FEDERAL;PT;ELEITO POR MÉDIA;1
PE;DEPUTADO FEDERAL;PT;ELEITO POR QP;2
PE;DEPUTADO FEDERAL;PV;ELEITO POR QP;1
PE;DEPUTADO FEDERAL;REPUBLICANOS;ELEITO POR QP;2
PE;DEPUTADO FEDERAL;UNIÃO;ELEITO POR QP;2
PI;DEPUTADO ESTADUAL;MDB;ELEITO POR QP;8
PI;DEPUTADO ESTADUAL;PP;ELEITO POR MÉDIA;1
PI;DEPUTADO ESTADUAL;PP;ELEITO POR QP;2
PI;DEPUTADO ESTADUAL;PSD;ELEITO POR MÉDIA;1
PI;DEPUTADO ESTADUAL;PSD;ELEITO POR QP;4
PI;DEPUTADO ESTADUAL;PT;ELEITO POR QP;13
PI;DEPUTADO ESTADUAL;PV;ELEITO POR MÉDIA;1
PI;DEPUTADO FEDERAL;MDB;ELEITO POR MÉDIA;1
PI;DEPUTADO FEDERAL;MDB;ELEITO POR QP;1
PI;DEPUTADO FEDERAL;PP;ELEITO POR QP;1
PI;DEPUTADO FEDERAL;PSD;ELEITO POR MÉDIA;1
PI;DEPUTADO FEDERAL;PSD;ELEITO POR QP;1
PI;DEPUTADO FEDERAL;PT;ELEITO POR MÉDIA;1
PI;DEPUTADO FEDERAL;PT;ELEITO POR QP;2
PI;DEPUTADO FEDERAL;PV;ELEITO POR QP;1
PI;DEPUTADO FEDERAL;REPUBLICANOS;ELEITO POR MÉDIA;1
PR;DEPUTADO ESTADUAL;MDB;ELEITO POR QP;2
PR;DEPUTADO ESTADUAL;NOVO;ELEITO POR QP;3
PR;DEPUTADO ESTADUAL;PDT;ELEITO POR QP;1
PR;DEPUTADO ESTADUAL;PL;ELEITO POR MÉDIA;2
PR;DEPUTADO ESTADUAL;PL;ELEITO POR QP;12
PR;DEPUTADO ESTADUAL;PODE;ELEITO POR MÉDIA;1
PR;DEPUTADO ESTADUAL;PODE;ELEITO POR QP;2
PR;DEPUTADO ESTADUAL;PP;ELEITO POR MÉDIA;1
PR;DEPUTADO ESTADUAL;PP;ELEITO POR QP;5
PR;DEPUTADO ESTADUAL;PSD;ELEITO POR MÉDIA;2
PR;DEPUTADO ESTADUAL;PSD;ELEITO POR QP;12
PR;DEPUTADO ESTADUAL;PT;ELEITO POR MÉDIA;1
PR;DEPUTADO ESTADUAL;PT;ELEITO POR QP;7
PR;DEPUTADO ESTADUAL;REPUBLICANOS;ELEITO POR QP;3
PR;DEPUTADO FEDERAL;MDB;ELEITO POR QP;1
PR;DEPUTADO FEDERAL;NOVO;ELEITO POR QP;4
PR;DEPUTADO FEDERAL;PL;ELEITO POR MÉDIA;1
PR;DEPUTADO FEDERAL;PL;ELEITO POR QP;4
PR;DEPUTADO FEDERAL;PODE;ELEITO POR MÉDIA;1
PR;DEPUTADO FEDERAL;PODE;ELEITO POR QP;1
PR;DEPUTADO FEDERAL;PP;ELEITO POR MÉDIA;1
PR;DEPUTADO FEDERAL;PP;ELEITO POR QP;3
PR;DEPUTADO FEDERAL;PSD;ELEITO POR MÉDIA;1
PR;DEPUTADO FEDERAL;PSD;ELEITO POR QP;3
PR;DEPUTADO FEDERAL;PT;ELEITO POR MÉDIA;1
PR;DEPUTADO FEDERAL;PT;ELEITO POR QP;4
PR;DEPUTADO FEDERAL;PV;ELEITO POR QP;1
PR;DEPUTADO FEDERAL;REPUBLICANOS;ELEITO POR MÉDIA;1
PR;DEPUTADO FEDERAL;REPUBLICANOS;ELEITO POR QP;1
PR;DEPUTADO FEDERAL;UNIÃO;ELEITO POR QP;2
RJ;DEPUTADO ESTADUAL;AGIR;ELEITO POR QP;1
RJ;DEPUTADO ESTADUAL;DC;ELEITO POR MÉDIA;1
RJ;DEPUTADO ESTADUAL;MDB;ELEITO POR QP;2
RJ;DEPUTADO ESTADUAL;NOVO;ELEITO POR QP;1
RJ;DEPUTADO ESTADUAL;PCDOB;ELEITO POR QP;1
RJ;DEPUTADO ESTADUAL;PDT;ELEITO POR QP;2
RJ;DEPUTADO ESTADUAL;PL;ELEITO POR MÉDIA;3
RJ;DEPUTADO ESTADUAL;PL;ELEITO POR QP;18
RJ;DEPUTADO ESTADUAL;PP;ELEITO POR QP;5
RJ;DEPUTADO ESTADUAL;PRD;ELEITO POR QP;1
RJ;DEPUTADO ESTADUAL;PSB;ELEITO POR QP;2
RJ;DEPUTADO ESTADUAL;PSD;ELEITO POR MÉDIA;1
RJ;DEPUTADO ESTADUAL;PSD;ELEITO POR QP;8
RJ;DEPUTADO ESTADUAL;PSDB;ELEITO POR QP;1
RJ;DEPUTADO ESTADUAL;PSOL;ELEITO POR MÉDIA;1
RJ;DEPUTADO ESTADUAL;PSOL;ELEITO POR QP;4
RJ;DEPUTADO ESTADUAL;PT;ELEITO POR MÉDIA;2
RJ;DEPUTADO ESTADUAL;PT;ELEITO POR QP;7
RJ;DEPUTADO ESTADUAL;REPUBLICANOS;ELEITO POR MÉDIA;1
RJ;DEPUTADO ESTADUAL;REPUBLICANOS;ELEITO POR QP;2
RJ;DEPUTADO ESTADUAL;SOLIDARIEDADE;ELEITO POR MÉDIA;1
RJ;DEPUTADO ESTADUAL;SOLIDARIEDADE;ELEITO POR QP;1
RJ;DEPUTADO ESTADUAL;UNIÃO;ELEITO POR MÉDIA;1
RJ;DEPUTADO ESTADUAL;UNIÃO;ELEITO POR QP;3
RJ;DEPUTADO FEDERAL;MDB;ELEITO POR QP;1
RJ;DEPUTADO FEDERAL;NOVO;ELEITO POR MÉDIA;1
RJ;DEPUTADO FEDERAL;PCDOB;ELEITO POR QP;2
RJ;DEPUTADO FEDERAL;PDT;ELEITO POR QP;1
RJ;DEPUTADO FEDERAL;PL;ELEITO POR MÉDIA;3
RJ;DEPUTADO FEDERAL;PL;ELEITO POR QP;12
RJ;DEPUTADO FEDERAL;PP;ELEITO POR MÉDIA;1
RJ;DEPUTADO FEDERAL;PP;ELEITO POR QP;4
RJ;DEPUTADO FEDERAL;PSD;ELEITO POR MÉDIA;1
RJ;DEPUTADO FEDERAL;PSD;ELEITO POR QP;3
RJ;DEPUTADO FEDERAL;PSDB;ELEITO POR MÉDIA;1
RJ;DEPUTADO FEDERAL;PSDB;ELEITO POR QP;3
RJ;DEPUTADO FEDERAL;PSOL;ELEITO POR MÉDIA;1
RJ;DEPUTADO FEDERAL;PSOL;ELEITO POR QP;3
RJ;DEPUTADO FEDERAL;PT;ELEITO POR MÉDIA;1
RJ;DEPUTADO FEDERAL;PT;ELEITO POR QP;5
RJ;DEPUTADO FEDERAL;REPUBLICANOS;ELEITO POR QP;1
RJ;DEPUTADO FEDERAL;SOLIDARIEDADE;ELEITO POR QP;1
RJ;DEPUTADO FEDERAL;UNIÃO;ELEITO POR QP;1
RN;DEPUTADO ESTADUAL;MDB;ELEITO POR QP;1
RN;DEPUTADO ESTADUAL;PL;ELEITO POR MÉDIA;1
RN;DEPUTADO ESTADUAL;PL;ELEITO POR QP;6
RN;DEPUTADO ESTADUAL;PP;ELEITO POR MÉDIA;1
RN;DEPUTADO ESTADUAL;PP;ELEITO POR QP;3
RN;DEPUTADO ESTADUAL;PSDB;ELEITO POR QP;3
RN;DEPUTADO ESTADUAL;PT;ELEITO POR QP;4
RN;DEPUTADO ESTADUAL;PV;ELEITO POR MÉDIA;1
RN;DEPUTADO ESTADUAL;PV;ELEITO POR QP;2
RN;DEPUTADO ESTADUAL;UNIÃO;ELEITO POR QP;2
RN;DEPUTADO FEDERAL;PL;ELEITO POR QP;3
RN;DEPUTADO FEDERAL;PP;ELEITO POR MÉDIA;1
RN;DEPUTADO FEDERAL;PT;ELEITO POR QP;1
RN;DEPUTADO FEDERAL;PV;ELEITO POR MÉDIA;1
RN;DEPUTADO FEDERAL;PV;ELEITO POR QP;1
RN;DEPUTADO FEDERAL;UNIÃO;ELEITO POR QP;1
RO;DEPUTADO ESTADUAL;AVANTE;ELEITO POR MÉDIA;1
RO;DEPUTADO ESTADUAL;AVANTE;ELEITO POR QP;1
RO;DEPUTADO ESTADUAL;NOVO;ELEITO POR MÉDIA;1
RO;DEPUTADO ESTADUAL;NOVO;ELEITO POR QP;1
RO;DEPUTADO ESTADUAL;PL;ELEITO POR MÉDIA;2
RO;DEPUTADO ESTADUAL;PL;ELEITO POR QP;5
RO;DEPUTADO ESTADUAL;PODE;ELEITO POR QP;1
RO;DEPUTADO ESTADUAL;PP;ELEITO POR QP;2
RO;DEPUTADO ESTADUAL;PRD;ELEITO POR MÉDIA;1
RO;DEPUTADO ESTADUAL;PRD;ELEITO POR QP;2
RO;DEPUTADO ESTADUAL;PSD;ELEITO POR MÉDIA;1
RO;DEPUTADO ESTADUAL;PSD;ELEITO POR QP;2
RO;DEPUTADO ESTADUAL;PT;ELEITO POR MÉDIA;1
RO;DEPUTADO ESTADUAL;PT;ELEITO POR QP;1
RO;DEPUTADO ESTADUAL;REPUBLICANOS;ELEITO POR QP;2
RO;DEPUTADO FEDERAL;PL;ELEITO POR MÉDIA;1
RO;DEPUTADO FEDERAL;PL;ELEITO POR QP;2
RO;DEPUTADO FEDERAL;PODE;ELEITO POR MÉDIA;1
RO;DEPUTADO FEDERAL;PODE;ELEITO POR QP;1
RO;DEPUTADO FEDERAL;PSD;ELEITO POR MÉDIA;1
RO;DEPUTADO FEDERAL;UNIÃO;ELEITO POR MÉDIA;1
RO;DEPUTADO FEDERAL;UNIÃO;ELEITO POR QP;1
RR;DEPUTADO ESTADUAL;AGIR;ELEITO POR QP;1
RR;DEPUTADO ESTADUAL;MDB;ELEITO POR QP;1
RR;DEPUTADO ESTADUAL;PDT;ELEITO POR MÉDIA;1
RR;DEPUTADO ESTADUAL;PDT;ELEITO POR QP;1
RR;DEPUTADO ESTADUAL;PL;ELEITO POR MÉDIA;1
RR;DEPUTADO ESTADUAL;PL;ELEITO POR QP;4
RR;DEPUTADO ESTADUAL;PODE;ELEITO POR MÉDIA;1
RR;DEPUTADO ESTADUAL;PODE;ELEITO POR QP;2
RR;DEPUTADO ESTADUAL;PP;ELEITO POR QP;1
RR;DEPUTADO ESTADUAL;REPUBLICANOS;ELEITO POR QP;3
RR;DEPUTADO ESTADUAL;UNIÃO;ELEITO POR MÉDIA;2
RR;DEPUTADO ESTADUAL;UNIÃO;ELEITO POR QP;6
RR;DEPUTADO FEDERAL;PL;ELEITO POR QP;1
RR;DEPUTADO FEDERAL;PODE;ELEITO POR MÉDIA;1
RR;DEPUTADO FEDERAL;PODE;ELEITO POR QP;1
RR;DEPUTADO FEDERAL;REPUBLICANOS;ELEITO POR MÉDIA;1
RR;DEPUTADO FEDERAL;REPUBLICANOS;ELEITO POR QP;2
RR;DEPUTADO FEDERAL;UNIÃO;ELEITO POR MÉDIA;1
RR;DEPUTADO FEDERAL;UNIÃO;ELEITO POR QP;1
RS;DEPUTADO ESTADUAL;MDB;ELEITO POR QP;5
RS;DEPUTADO ESTADUAL;NOVO;ELEITO POR QP;1
RS;DEPUTADO ESTADUAL;PCDOB;ELEITO POR QP;1
RS;DEPUTADO ESTADUAL;PDT;ELEITO POR MÉDIA;1
RS;DEPUTADO ESTADUAL;PDT;ELEITO POR QP;3
RS;DEPUTADO ESTADUAL;PL;ELEITO POR MÉDIA;2
RS;DEPUTADO ESTADUAL;PL;ELEITO POR QP;10
RS;DEPUTADO ESTADUAL;PODE;ELEITO POR QP;2
RS;DEPUTADO ESTADUAL;PP;ELEITO POR MÉDIA;1
RS;DEPUTADO ESTADUAL;PP;ELEITO POR QP;6
RS;DEPUTADO ESTADUAL;PSD;ELEITO POR QP;5
RS;DEPUTADO ESTADUAL;PSDB;ELEITO POR QP;1
RS;DEPUTADO ESTADUAL;PSOL;ELEITO POR MÉDIA;1
RS;DEPUTADO ESTADUAL;PSOL;ELEITO POR QP;2
RS;DEPUTADO ESTADUAL;PT;ELEITO POR MÉDIA;2
RS;DEPUTADO ESTADUAL;PT;ELEITO POR QP;7
RS;DEPUTADO ESTADUAL;REPUBLICANOS;ELEITO POR QP;4
RS;DEPUTADO ESTADUAL;UNIÃO;ELEITO POR QP;1
RS;DEPUTADO FEDERAL;MDB;ELEITO POR MÉDIA;1
RS;DEPUTADO FEDERAL;MDB;ELEITO POR QP;2
RS;DEPUTADO FEDERAL;NOVO;ELEITO POR QP;1
RS;DEPUTADO FEDERAL;PCDOB;ELEITO POR QP;1
RS;DEPUTADO FEDERAL;PDT;ELEITO POR QP;1
RS;DEPUTADO FEDERAL;PL;ELEITO POR MÉDIA;2
RS;DEPUTADO FEDERAL;PL;ELEITO POR QP;6
RS;DEPUTADO FEDERAL;PODE;ELEITO POR QP;2
RS;DEPUTADO FEDERAL;PP;ELEITO POR MÉDIA;1
RS;DEPUTADO FEDERAL;PP;ELEITO POR QP;3
RS;DEPUTADO FEDERAL;PSD;ELEITO POR QP;2
RS;DEPUTADO FEDERAL;PSOL;ELEITO POR QP;1
RS;DEPUTADO FEDERAL;PT;ELEITO POR MÉDIA;1
RS;DEPUTADO FEDERAL;PT;ELEITO POR QP;4
RS;DEPUTADO FEDERAL;REPUBLICANOS;ELEITO POR MÉDIA;1
RS;DEPUTADO FEDERAL;REPUBLICANOS;ELEITO POR QP;1
RS;DEPUTADO FEDERAL;UNIÃO;ELEITO POR MÉDIA;1
SC;DEPUTADO ESTADUAL;MDB;ELEITO POR MÉDIA;1
SC;DEPUTADO ESTADUAL;MDB;ELEITO POR QP;3
SC;DEPUTADO ESTADUAL;NOVO;ELEITO POR QP;1
SC;DEPUTADO ESTADUAL;PDT;ELEITO POR MÉDIA;1
SC;DEPUTADO ESTADUAL;PL;ELEITO POR MÉDIA;2
SC;DEPUTADO ESTADUAL;PL;ELEITO POR QP;14
SC;DEPUTADO ESTADUAL;PODE;ELEITO POR MÉDIA;1
SC;DEPUTADO ESTADUAL;PODE;ELEITO POR QP;1
SC;DEPUTADO ESTADUAL;PP;ELEITO POR QP;2
SC;DEPUTADO ESTADUAL;PSD;ELEITO POR MÉDIA;1
SC;DEPUTADO ESTADUAL;PSD;ELEITO POR QP;2
SC;DEPUTADO ESTADUAL;PSOL;ELEITO POR QP;1
SC;DEPUTADO ESTADUAL;PT;ELEITO POR MÉDIA;1
SC;DEPUTADO ESTADUAL;PT;ELEITO POR QP;4
SC;DEPUTADO ESTADUAL;REPUBLICANOS;ELEITO POR QP;3
SC;DEPUTADO ESTADUAL;UNIÃO;ELEITO POR QP;2
SC;DEPUTADO FEDERAL;MDB;ELEITO POR QP;1
SC;DEPUTADO FEDERAL;NOVO;ELEITO POR QP;1
SC;DEPUTADO FEDERAL;PCDOB;ELEITO POR MÉDIA;1
SC;DEPUTADO FEDERAL;PL;ELEITO POR MÉDIA;2
SC;DEPUTADO FEDERAL;PL;ELEITO POR QP;5
SC;DEPUTADO FEDERAL;PODE;ELEITO POR MÉDIA;1
SC;DEPUTADO FEDERAL;PP;ELEITO POR QP;1
SC;DEPUTADO FEDERAL;PSD;ELEITO POR QP;1
SC;DEPUTADO FEDERAL;PT;ELEITO POR QP;2
SC;DEPUTADO FEDERAL;REPUBLICANOS;ELEITO POR QP;1
SE;DEPUTADO ESTADUAL;AVANTE;ELEITO POR MÉDIA;1
SE;DEPUTADO ESTADUAL;MDB;ELEITO POR QP;2
SE;DEPUTADO ESTADUAL;PL;ELEITO POR MÉDIA;1
SE;DEPUTADO ESTADUAL;PL;ELEITO POR QP;1
SE;DEPUTADO ESTADUAL;PSB;ELEITO POR MÉDIA;1
SE;DEPUTADO ESTADUAL;PSB;ELEITO POR QP;1
SE;DEPUTADO ESTADUAL;PSD;ELEITO POR MÉDIA;1
SE;DEPUTADO ESTADUAL;PSD;ELEITO POR QP;4
SE;DEPUTADO ESTADUAL;PT;ELEITO POR QP;1
SE;DEPUTADO ESTADUAL;PV;ELEITO POR QP;2
SE;DEPUTADO ESTADUAL;REPUBLICANOS;ELEITO POR MÉDIA;1
SE;DEPUTADO ESTADUAL;REPUBLICANOS;ELEITO POR QP;2
SE;DEPUTADO ESTADUAL;UNIÃO;ELEITO POR MÉDIA;1
SE;DEPUTADO ESTADUAL;UNIÃO;ELEITO POR QP;5
SE;DEPUTADO FEDERAL;PP;ELEITO POR MÉDIA;1
SE;DEPUTADO FEDERAL;PSB;ELEITO POR QP;1
SE;DEPUTADO FEDERAL;PSD;ELEITO POR MÉDIA;1
SE;DEPUTADO FEDERAL;PSD;ELEITO POR QP;1
SE;DEPUTADO FEDERAL;PT;ELEITO POR QP;1
SE;DEPUTADO FEDERAL;REPUBLICANOS;ELEITO POR QP;1
SE;DEPUTADO FEDERAL;UNIÃO;ELEITO POR MÉDIA;1
SE;DEPUTADO FEDERAL;UNIÃO;ELEITO POR QP;1
SP;DEPUTADO ESTADUAL;MDB;ELEITO POR MÉDIA;1
SP;DEPUTADO ESTADUAL;MDB;ELEITO POR QP;4
SP;DEPUTADO ESTADUAL;MISSÃO;ELEITO POR QP;1
SP;DEPUTADO ESTADUAL;NOVO;ELEITO POR QP;1
SP;DEPUTADO ESTADUAL;PL;ELEITO POR MÉDIA;2
SP;DEPUTADO ESTADUAL;PL;ELEITO POR QP;25
SP;DEPUTADO ESTADUAL;PODE;ELEITO POR MÉDIA;1
SP;DEPUTADO ESTADUAL;PODE;ELEITO POR QP;5
SP;DEPUTADO ESTADUAL;PP;ELEITO POR QP;5
SP;DEPUTADO ESTADUAL;PRD;ELEITO POR QP;1
SP;DEPUTADO ESTADUAL;PSB;ELEITO POR MÉDIA;1
SP;DEPUTADO ESTADUAL;PSB;ELEITO POR QP;2
SP;DEPUTADO ESTADUAL;PSD;ELEITO POR QP;9
SP;DEPUTADO ESTADUAL;PSDB;ELEITO POR QP;1
SP;DEPUTADO ESTADUAL;PSOL;ELEITO POR QP;9
SP;DEPUTADO ESTADUAL;PT;ELEITO POR MÉDIA;2
SP;DEPUTADO ESTADUAL;PT;ELEITO POR QP;14
SP;DEPUTADO ESTADUAL;REPUBLICANOS;ELEITO POR QP;6
SP;DEPUTADO ESTADUAL;UNIÃO;ELEITO POR MÉDIA;1
SP;DEPUTADO ESTADUAL;UNIÃO;ELEITO POR QP;3
SP;DEPUTADO FEDERAL;MDB;ELEITO POR MÉDIA;1
SP;DEPUTADO FEDERAL;MDB;ELEITO POR QP;3
SP;DEPUTADO FEDERAL;MISSÃO;ELEITO POR QP;1
SP;DEPUTADO FEDERAL;NOVO;ELEITO POR MÉDIA;1
SP;DEPUTADO FEDERAL;NOVO;ELEITO POR QP;1
SP;DEPUTADO FEDERAL;PL;ELEITO POR QP;19
SP;DEPUTADO FEDERAL;PODE;ELEITO POR MÉDIA;1
SP;DEPUTADO FEDERAL;PODE;ELEITO POR QP;5
SP;DEPUTADO FEDERAL;PP;ELEITO POR QP;3
SP;DEPUTADO FEDERAL;PRD;ELEITO POR QP;1
SP;DEPUTADO FEDERAL;PSB;ELEITO POR QP;2
SP;DEPUTADO FEDERAL;PSD;ELEITO POR MÉDIA;2
SP;DEPUTADO FEDERAL;PSD;ELEITO POR QP;4
SP;DEPUTADO FEDERAL;PSDB;ELEITO POR QP;1
SP;DEPUTADO FEDERAL;PSOL;ELEITO POR QP;6
SP;DEPUTADO FEDERAL;PT;ELEITO POR MÉDIA;3
SP;DEPUTADO FEDERAL;PT;ELEITO POR QP;8
SP;DEPUTADO FEDERAL;REPUBLICANOS;ELEITO POR MÉDIA;2
SP;DEPUTADO FEDERAL;REPUBLICANOS;ELEITO POR QP;4
SP;DEPUTADO FEDERAL;UNIÃO;ELEITO POR QP;2
TO;DEPUTADO ESTADUAL;MDB;ELEITO POR MÉDIA;1
TO;DEPUTADO ESTADUAL;MDB;ELEITO POR QP;2
TO;DEPUTADO ESTADUAL;PCDOB;ELEITO POR QP;1
TO;DEPUTADO ESTADUAL;PL;ELEITO POR MÉDIA;1
TO;DEPUTADO ESTADUAL;PL;ELEITO POR QP;4
TO;DEPUTADO ESTADUAL;PODE;ELEITO POR QP;2
TO;DEPUTADO ESTADUAL;PRD;ELEITO POR QP;1
TO;DEPUTADO ESTADUAL;PSD;ELEITO POR QP;1
TO;DEPUTADO ESTADUAL;PSDB;ELEITO POR MÉDIA;1
TO;DEPUTADO ESTADUAL;PSDB;ELEITO POR QP;1
TO;DEPUTADO ESTADUAL;PV;ELEITO POR QP;1
TO;DEPUTADO ESTADUAL;REPUBLICANOS;ELEITO POR MÉDIA;1
TO;DEPUTADO ESTADUAL;REPUBLICANOS;ELEITO POR QP;4
TO;DEPUTADO ESTADUAL;UNIÃO;ELEITO POR QP;3
TO;DEPUTADO FEDERAL;PL;ELEITO POR MÉDIA;1
TO;DEPUTADO FEDERAL;PODE;ELEITO POR MÉDIA;1
TO;DEPUTADO FEDERAL;PP;ELEITO POR QP;1
TO;DEPUTADO FEDERAL;PSDB;ELEITO POR MÉDIA;1
TO;DEPUTADO FEDERAL;REPUBLICANOS;ELEITO POR MÉDIA;1
TO;DEPUTADO FEDERAL;REPUBLICANOS;ELEITO POR QP;2
TO;DEPUTADO FEDERAL;UNIÃO;ELEITO POR QP;1
