uf;codigo_cargo;cargo;quociente_eleitoral;vagas;data_geracao;hora_geracao
ac;6;Deputado Federal;57811;8;04/10/2026;21:08:19
ac;7;Deputado Estadual;19584;24;04/10/2026;21:08:28
al;6;Deputado Federal;199816;9;04/10/2026;22:54:51
al;7;Deputado Estadual;66792;27;04/10/2026;22:54:51
am;6;Deputado Federal;264906;8;05/10/2026;06:08:17
am;7;Deputado Estadual;88547;24;05/10/2026;06:08:17
ap;6;Deputado Federal;57460;8;04/10/2026;21:04:29
ap;7;Deputado Estadual;18780;24;04/10/2026;21:04:29
ba;6;Deputado Federal;212354;39;05/10/2026;11:42:25
ba;7;Deputado Estadual;129583;63;05/10/2026;11:42:33
ce;6;Deputado Federal;250984;22;04/10/2026;23:11:37
ce;7;Deputado Estadual;118599;46;04/10/2026;23:11:39
df;6;Deputado Federal;207382;8;04/10/2026;20:23:38
df;8;Deputado Distrital;70775;24;04/10/2026;20:23:38
es;6;Deputado Federal;213498;10;04/10/2026;20:57:09
es;7;Deputado Estadual;71426;30;04/10/2026;20:57:10
go;6;Deputado Federal;212220;17;04/10/2026;22:39:26
go;7;Deputado Estadual;88731;41;04/10/2026;22:39:31
ma;6;Deputado Federal;220609;18;05/10/2026;02:02:00
ma;7;Deputado Estadual;93381;42;05/10/2026;02:01:58
mg;6;Deputado Federal;214720;53;05/10/2026;11:48:31
mg;7;Deputado Estadual;146874;77;05/10/2026;11:48:52
ms;6;Deputado Federal;177595;8;04/10/2026;21:06:40
ms;7;Deputado Estadual;57575;24;04/10/2026;21:06:40
mt;6;Deputado Federal;237715;8;04/10/2026;21:32:10
mt;7;Deputado Estadual;80243;24;04/10/2026;21:32:11
pa;6;Deputado Federal;284249;17;05/10/2026;11:42:32
pa;7;Deputado Estadual;117686;41;05/10/2026;11:42:33
pb;6;Deputado Federal;199996;12;04/10/2026;23:23:05
pb;7;Deputado Estadual;66650;36;04/10/2026;23:23:04
pe;6;Deputado Federal;210580;25;04/10/2026;22:55:58
pe;7;Deputado Estadual;107108;49;04/10/2026;22:56:01
pi;6;Deputado Federal;210906;10;04/10/2026;23:37:35
pi;7;Deputado Estadual;70153;30;04/10/2026;23:37:34
pr;6;Deputado Federal;207241;30;05/10/2026;11:47:02
pr;7;Deputado Estadual;114449;54;05/10/2026;11:47:12
rj;6;Deputado Federal;190082;46;04/10/2026;22:23:21
rj;7;Deputado Estadual;121136;70;04/10/2026;22:23:26
rn;6;Deputado Federal;245962;8;04/10/2026;23:02:12
rn;7;Deputado Estadual;80763;24;04/10/2026;23:02:13
ro;6;Deputado Federal;116617;8;04/10/2026;20:51:23
ro;7;Deputado Estadual;39251;24;04/10/2026;20:51:24
rr;6;Deputado Federal;39853;8;04/10/2026;21:09:59
rr;7;Deputado Estadual;13372;24;04/10/2026;21:09:59
rs;6;Deputado Federal;196170;31;04/10/2026;21:13:15
rs;7;Deputado Estadual;111036;55;04/10/2026;22:22:12
sc;6;Deputado Federal;264469;16;04/10/2026;21:56:38
sc;7;Deputado Estadual;106777;40;04/10/2026;21:56:42
se;6;Deputado Federal;160462;8;04/10/2026;22:08:20
se;7;Deputado Estadual;51524;24;04/10/2026;22:08:20
sp;6;Deputado Federal;338203;70;05/10/2026;11:47:48
sp;7;Deputado Estadual;247766;94;05/10/2026;11:48:53
to;6;Deputado Federal;112821;8;04/10/2026;21:19:00
to;7;Deputado Estadual;37887;24;04/10/2026;21:19:01
