chave_resultado;eleicao;turno;abrangencia;uf;codigo_cargo;cargo;data_geracao;hora_geracao;data_totalizacao;hora_totalizacao;totalizacao_finalizada;secoes_total;secoes_totalizadas;eleitorado;eleitores_secoes_apuradas;comparecimento;abstencoes;votos_total;votos_validos;votos_nominais;votos_legenda;votos_brancos;votos_nulos_total;votos_nulos;votos_nulos_tecnicos;votos_anulados;votos_anulados_sub_judice
6257-1-AC-1;6257;1;UF;AC;1;Presidente;05/10/2026;12:51:40;05/10/2026;12:51:05;s;2270;2270;613742;613742;488330;125412;488330;469066;469066;0;5579;13685;13662;23;0;0
6259-1-AC-3;6259;1;UF;AC;3;Governador;04/10/2026;21:08:18;04/10/2026;19:07:20;s;2270;2270;613316;613316;487971;125345;487971;439647;439647;0;8926;39398;39398;0;0;0
6259-1-AC-5;6259;1;UF;AC;5;Senador;04/10/2026;21:08:18;04/10/2026;19:07:20;s;2270;2270;613316;613316;487971;125345;975942;730058;730058;0;38954;61686;61686;0;0;145244
6259-1-AC-6;6259;1;UF;AC;6;Deputado Federal;04/10/2026;21:08:19;04/10/2026;19:07:54;s;2270;2270;613316;613316;487971;125345;487971;462485;448322;14163;11808;7551;7506;45;0;6127
6259-1-AC-7;6259;1;UF;AC;7;Deputado Estadual;04/10/2026;21:08:28;04/10/2026;19:07:54;s;2270;2270;613316;613316;487971;125345;487971;470012;443621;26391;9032;5767;5748;19;0;3160
6257-1-AL-1;6257;1;UF;AL;1;Presidente;05/10/2026;12:51:41;05/10/2026;12:51:05;s;7101;7101;2442126;2442126;1938428;503698;1938428;1818856;1818856;0;33712;85860;85787;73;0;0
6259-1-AL-3;6259;1;UF;AL;3;Governador;04/10/2026;22:54:50;04/10/2026;22:54:29;s;7101;7101;2439190;2439190;1935820;503370;1935820;1709614;1709614;0;56303;169903;169903;0;0;0
6259-1-AL-5;6259;1;UF;AL;5;Senador;04/10/2026;22:54:50;04/10/2026;22:54:29;s;7101;7101;2439190;2439190;1935820;503370;3871640;3286601;3286601;0;226942;358097;358097;0;0;0
6259-1-AL-6;6259;1;UF;AL;6;Deputado Federal;04/10/2026;22:54:51;04/10/2026;22:54:37;s;7101;7101;2439190;2439190;1935820;503370;1935820;1798341;1744644;53697;76452;60860;60860;0;0;167
6259-1-AL-7;6259;1;UF;AL;7;Deputado Estadual;04/10/2026;22:54:51;04/10/2026;22:54:37;s;7101;7101;2439190;2439190;1935820;503370;1935820;1803374;1688825;114549;68334;63976;63915;61;0;136
6257-1-AM-1;6257;1;UF;AM;1;Presidente;05/10/2026;12:51:41;05/10/2026;12:51:05;s;8157;8157;2798611;2798611;2234549;564062;2234549;2170763;2170763;0;24402;39384;39302;82;0;0
6259-1-AM-3;6259;1;UF;AM;3;Governador;05/10/2026;06:08:16;05/10/2026;04:59:33;s;8157;8157;2796053;2796053;2232271;563782;2232271;2071985;2071985;0;50340;109946;109946;0;0;0
6259-1-AM-5;6259;1;UF;AM;5;Senador;05/10/2026;06:08:16;05/10/2026;04:59:33;s;8157;8157;2796053;2796053;2232271;563782;4464542;3841845;3841845;0;229054;393643;336125;57518;0;0
6259-1-AM-6;6259;1;UF;AM;6;Deputado Federal;05/10/2026;06:08:17;05/10/2026;05:07:34;s;8157;8157;2796053;2796053;2232271;563782;2232271;2119252;2063900;55352;68407;44379;43646;733;0;233
6259-1-AM-7;6259;1;UF;AM;7;Deputado Estadual;05/10/2026;06:08:17;05/10/2026;05:07:34;s;8157;8157;2796053;2796053;2232271;563782;2232271;2125121;2033211;91910;59294;47363;47363;0;0;493
6257-1-AP-1;6257;1;UF;AP;1;Presidente;05/10/2026;12:51:40;05/10/2026;12:51:05;s;1914;1914;576988;576988;476562;100426;476562;464858;464858;0;4415;7289;7272;17;0;0
6259-1-AP-3;6259;1;UF;AP;3;Governador;04/10/2026;21:04:28;04/10/2026;21:03:59;s;1914;1914;576359;576359;476019;100340;476019;448747;448747;0;2964;24308;24308;0;0;0
6259-1-AP-5;6259;1;UF;AP;5;Senador;04/10/2026;21:04:28;04/10/2026;21:03:59;s;1914;1914;576359;576359;476019;100340;952038;883225;883225;0;22756;46057;46057;0;0;0
6259-1-AP-6;6259;1;UF;AP;6;Deputado Federal;04/10/2026;21:04:29;04/10/2026;21:03:39;s;1914;1914;576359;576359;476019;100340;476019;459680;447950;11730;8049;7274;7237;37;0;1016
6259-1-AP-7;6259;1;UF;AP;7;Deputado Estadual;04/10/2026;21:04:29;04/10/2026;21:03:39;s;1914;1914;576359;576359;476019;100340;476019;450731;432501;18230;6662;5451;5356;95;0;13175
6257-1-BA-1;6257;1;UF;BA;1;Presidente;05/10/2026;12:51:55;05/10/2026;12:51:05;s;35476;35476;11312752;11312752;9053601;2259151;9053601;8560291;8560291;0;154936;338374;338123;251;0;0
6259-1-BA-3;6259;1;UF;BA;3;Governador;05/10/2026;11:41:49;05/10/2026;00:50:30;s;35476;35476;11304314;11304314;9046179;2258135;9046179;8291090;8291090;0;233096;521993;521993;0;0;0
6259-1-BA-5;6259;1;UF;BA;5;Senador;05/10/2026;11:41:50;05/10/2026;00:50:30;s;35476;35476;11304314;11304314;9046179;2258135;18092358;14418409;14418409;0;1218996;2454953;2454953;0;0;0
6259-1-BA-6;6259;1;UF;BA;6;Deputado Federal;05/10/2026;11:42:25;05/10/2026;00:51:09;s;35476;35476;11304314;11304314;9046179;2258135;9046179;8281816;8001270;280546;405559;358729;356005;2724;0;75
6259-1-BA-7;6259;1;UF;BA;7;Deputado Estadual;05/10/2026;11:42:33;05/10/2026;00:51:09;s;35476;35476;11304314;11304314;9046179;2258135;9046179;8163705;7383214;780491;463958;395042;394288;754;0;23474
6257-1-BR-1;6257;1;Brasil;BR;1;Presidente;05/10/2026;12:51:47;05/10/2026;12:51:05;s;499248;499248;158745502;158745079;125275835;33469244;125275835;119300788;119300788;0;2300798;3674249;3669003;5246;0;0
6257-1-CE-1;6257;1;UF;CE;1;Presidente;05/10/2026;12:51:44;05/10/2026;12:51:05;s;23765;23765;6996545;6996545;5910471;1086074;5910471;5617814;5617814;0;103295;189362;189185;177;0;0
6259-1-CE-3;6259;1;UF;CE;3;Governador;04/10/2026;23:11:32;04/10/2026;23:10:27;s;23765;23765;6991044;6991044;5905522;1085522;5905522;5406095;5406095;0;170316;329111;329111;0;0;0
6259-1-CE-5;6259;1;UF;CE;5;Senador;04/10/2026;23:11:32;04/10/2026;23:10:27;s;23765;23765;6991044;6991044;5905522;1085522;11811044;9715006;9715006;0;845706;1247655;1247655;0;0;2677
6259-1-CE-6;6259;1;UF;CE;6;Deputado Federal;04/10/2026;23:11:37;04/10/2026;23:10:49;s;23765;23765;6991044;6991044;5905522;1085522;5905522;5521642;5355689;165953;236392;147488;144944;2544;0;0
6259-1-CE-7;6259;1;UF;CE;7;Deputado Estadual;04/10/2026;23:11:39;04/10/2026;23:10:49;s;23765;23765;6991044;6991044;5905522;1085522;5905522;5455572;5080897;374675;279884;169858;169713;145;0;208
6257-1-DF-1;6257;1;UF;DF;1;Presidente;05/10/2026;12:51:40;05/10/2026;12:51:05;s;6969;6969;2258320;2258320;1831396;426924;1831396;1772808;1772808;0;25362;33226;33169;57;0;0
6259-1-DF-3;6259;1;UF;DF;3;Governador;04/10/2026;20:23:38;04/10/2026;20:22:29;s;6969;6969;2243988;2243988;1817921;426067;1817921;1651394;1651394;0;74774;89910;81454;8456;0;1843
6259-1-DF-5;6259;1;UF;DF;5;Senador;04/10/2026;20:23:38;04/10/2026;20:22:29;s;6969;6969;2243988;2243988;1817921;426067;3635842;3226319;3226319;0;200921;204364;198041;6323;0;4238
6259-1-DF-6;6259;1;UF;DF;6;Deputado Federal;04/10/2026;20:23:38;04/10/2026;20:23:08;s;6969;6969;2243988;2243988;1817921;426067;1817921;1659057;1602806;56251;99027;46953;46814;139;0;12884
6259-1-DF-8;6259;1;UF;DF;8;Deputado Distrital;04/10/2026;20:23:38;04/10/2026;20:23:08;s;6969;6969;2243988;2243988;1817921;426067;1817921;1698609;1626978;71631;77934;40443;39956;487;0;935
6257-1-ES-1;6257;1;UF;ES;1;Presidente;05/10/2026;12:51:41;05/10/2026;12:51:05;s;9844;9844;2991650;2991650;2352282;639368;2352282;2251078;2251078;0;43211;57993;57872;121;0;0
6259-1-ES-3;6259;1;UF;ES;3;Governador;04/10/2026;20:57:08;04/10/2026;20:56:14;s;9844;9844;2987584;2987584;2348612;638972;2348612;2112171;2112171;0;110040;126401;126401;0;0;0
6259-1-ES-5;6259;1;UF;ES;5;Senador;04/10/2026;20:57:09;04/10/2026;20:56:14;s;9844;9844;2987584;2987584;2348612;638972;4697224;4029927;4029927;0;319565;347732;347732;0;0;0
6259-1-ES-6;6259;1;UF;ES;6;Deputado Federal;04/10/2026;20:57:09;04/10/2026;20:56:31;s;9844;9844;2987584;2987584;2348612;638972;2348612;2134985;2074898;60087;133292;80335;80076;259;0;0
6259-1-ES-7;6259;1;UF;ES;7;Deputado Estadual;04/10/2026;20:57:10;04/10/2026;20:56:31;s;9844;9844;2987584;2987584;2348612;638972;2348612;2142789;2027889;114900;128244;65187;64894;293;0;12392
6257-1-GO-1;6257;1;UF;GO;1;Presidente;05/10/2026;12:51:44;05/10/2026;12:51:05;s;15686;15686;5080590;5080590;3971587;1109003;3971587;3827823;3827823;0;45643;98121;98014;107;0;0
6259-1-GO-3;6259;1;UF;GO;3;Governador;04/10/2026;22:39:20;04/10/2026;22:38:24;s;15686;15686;5074870;5074870;3966488;1108382;3966488;3630576;3630576;0;170266;165646;165646;0;0;0
6259-1-GO-5;6259;1;UF;GO;5;Senador;04/10/2026;22:39:20;04/10/2026;22:38:24;s;15686;15686;5074870;5074870;3966488;1108382;7932976;6681994;6681994;0;591005;659977;659977;0;0;0
6259-1-GO-6;6259;1;UF;GO;6;Deputado Federal;04/10/2026;22:39:26;04/10/2026;22:38:37;s;15686;15686;5074870;5074870;3966488;1108382;3966488;3607744;3484122;123622;225997;131592;129285;2307;0;1155
6259-1-GO-7;6259;1;UF;GO;7;Deputado Estadual;04/10/2026;22:39:31;04/10/2026;22:38:37;s;15686;15686;5074870;5074870;3966488;1108382;3966488;3637985;3413510;224475;209348;119024;118393;631;0;131
6257-1-MA-1;6257;1;UF;MA;1;Presidente;05/10/2026;12:51:45;05/10/2026;12:51:05;s;18093;18093;5183115;5183115;4160343;1022772;4160343;4010439;4010439;0;46315;103589;103244;345;0;0
6259-1-MA-3;6259;1;UF;MA;3;Governador;05/10/2026;02:01:55;05/10/2026;02:00:33;s;18093;18093;5180851;5180851;4158395;1022456;4158395;3846156;3846156;0;93669;169646;169646;0;0;48924
6259-1-MA-5;6259;1;UF;MA;5;Senador;05/10/2026;02:01:55;05/10/2026;02:00:33;s;18093;18093;5180851;5180851;4158395;1022456;8316790;7117850;7117850;0;532747;642198;642198;0;0;23995
6259-1-MA-6;6259;1;UF;MA;6;Deputado Federal;05/10/2026;02:02:00;05/10/2026;02:01:00;s;18093;18093;5180851;5180851;4158395;1022456;4158395;3970967;3857063;113904;129047;57362;57286;76;0;1019
6259-1-MA-7;6259;1;UF;MA;7;Deputado Estadual;05/10/2026;02:01:58;05/10/2026;02:01:00;s;18093;18093;5180851;5180851;4158395;1022456;4158395;3921986;3650791;271195;145541;88574;88574;0;0;2294
6257-1-MG-1;6257;1;UF;MG;1;Presidente;05/10/2026;12:52:05;05/10/2026;12:51:05;s;52062;52062;16372372;16372372;12637274;3735098;12637274;11976235;11976235;0;268302;392737;392176;561;0;0
6259-1-MG-3;6259;1;UF;MG;3;Governador;05/10/2026;11:45:42;05/10/2026;00:50:04;s;52062;52062;16361188;16361188;12627167;3734021;12627167;11410371;11410371;0;658416;556916;556916;0;0;1464
6259-1-MG-5;6259;1;UF;MG;5;Senador;05/10/2026;11:45:45;05/10/2026;00:50:04;s;52062;52062;16361188;16361188;12627167;3734021;25254334;20522302;20522302;0;2200110;2528738;2528738;0;0;3184
6259-1-MG-6;6259;1;UF;MG;6;Deputado Federal;05/10/2026;11:48:31;05/10/2026;00:50:43;s;52062;52062;16361188;16361188;12627167;3734021;12627167;11380151;11049070;331081;699059;457890;453843;4047;0;90067
6259-1-MG-7;6259;1;UF;MG;7;Deputado Estadual;05/10/2026;11:48:52;05/10/2026;00:50:43;s;52062;52062;16361188;16361188;12627167;3734021;12627167;11309326;10527875;781451;827100;488949;486837;2112;0;1792
6257-1-MS-1;6257;1;UF;MS;1;Presidente;05/10/2026;12:51:41;05/10/2026;12:51:05;s;7106;7106;2024430;2024430;1541220;483210;1541220;1490278;1490278;0;21270;29672;29596;76;0;0
6259-1-MS-3;6259;1;UF;MS;3;Governador;04/10/2026;21:06:39;04/10/2026;20:05:51;s;7106;7106;2021869;2021869;1539009;482860;1539009;1363298;1363298;0;80522;95189;95189;0;0;0
6259-1-MS-5;6259;1;UF;MS;5;Senador;04/10/2026;21:06:39;04/10/2026;20:05:51;s;7106;7106;2021869;2021869;1539009;482860;3078018;2608059;2608059;0;225530;244429;241656;2773;0;0
6259-1-MS-6;6259;1;UF;MS;6;Deputado Federal;04/10/2026;21:06:40;04/10/2026;20:06:13;s;7106;7106;2021869;2021869;1539009;482860;1539009;1420762;1367994;52768;81203;37044;37039;5;0;0
6259-1-MS-7;6259;1;UF;MS;7;Deputado Estadual;04/10/2026;21:06:40;04/10/2026;20:06:13;s;7106;7106;2021869;2021869;1539009;482860;1539009;1381806;1304262;77544;81571;39976;39819;157;0;35656
6257-1-MT-1;6257;1;UF;MT;1;Presidente;05/10/2026;12:51:42;05/10/2026;12:51:05;s;8287;8287;2637801;2637801;2052133;585668;2052133;1993288;1993288;0;20756;38089;37994;95;0;0
6259-1-MT-3;6259;1;UF;MT;3;Governador;04/10/2026;21:32:09;04/10/2026;20:31:48;s;8287;8287;2634992;2634992;2049718;585274;2049718;1856293;1856293;0;82690;110735;110735;0;0;0
6259-1-MT-5;6259;1;UF;MT;5;Senador;04/10/2026;21:32:09;04/10/2026;20:31:48;s;8287;8287;2634992;2634992;2049718;585274;4099436;3575264;3575264;0;233512;290660;290660;0;0;0
6259-1-MT-6;6259;1;UF;MT;6;Deputado Federal;04/10/2026;21:32:10;04/10/2026;20:31:54;s;8287;8287;2634992;2634992;2049718;585274;2049718;1901719;1843036;58683;93665;51445;51445;0;0;2889
6259-1-MT-7;6259;1;UF;MT;7;Deputado Estadual;04/10/2026;21:32:11;04/10/2026;20:31:54;s;8287;8287;2634992;2634992;2049718;585274;2049718;1925830;1822273;103557;78422;43870;43839;31;0;1596
6257-1-PA-1;6257;1;UF;PA;1;Presidente;05/10/2026;12:51:45;05/10/2026;12:51:05;s;20827;20827;6262397;6262397;5066504;1195893;5066504;4863172;4863172;0;54203;149129;148946;183;0;0
6259-1-PA-3;6259;1;UF;PA;3;Governador;05/10/2026;11:42:28;04/10/2026;23:55:28;s;20827;20827;6258162;6258162;5062750;1195412;5062750;4564841;4564841;0;106097;389825;389825;0;0;1987
6259-1-PA-5;6259;1;UF;PA;5;Senador;05/10/2026;11:42:29;04/10/2026;23:55:28;s;20827;20827;6258162;6258162;5062750;1195412;10125500;8957562;8957562;0;458028;694097;694097;0;0;15813
6259-1-PA-6;6259;1;UF;PA;6;Deputado Federal;05/10/2026;11:42:32;04/10/2026;23:55:49;s;20827;20827;6258162;6258162;5062750;1195412;5062750;4832237;4704803;127434;148260;81040;80987;53;0;1213
6259-1-PA-7;6259;1;UF;PA;7;Deputado Estadual;05/10/2026;11:42:33;04/10/2026;23:55:49;s;20827;20827;6258162;6258162;5062750;1195412;5062750;4825120;4514993;310127;150725;85793;85734;59;0;1112
6257-1-PB-1;6257;1;UF;PB;1;Presidente;05/10/2026;12:51:44;05/10/2026;12:51:05;s;10712;10712;3248531;3248531;2683988;564543;2683988;2513747;2513747;0;52297;117944;117854;90;0;0
6259-1-PB-3;6259;1;UF;PB;3;Governador;04/10/2026;23:23:01;04/10/2026;23:21:51;s;10712;10712;3241966;3241966;2677904;564062;2677904;2286622;2286622;0;127816;263466;262876;590;0;0
6259-1-PB-5;6259;1;UF;PB;5;Senador;04/10/2026;23:23:02;04/10/2026;23:21:51;s;10712;10712;3241966;3241966;2677904;564062;5355808;4282762;4282762;0;442542;630504;630504;0;0;0
6259-1-PB-6;6259;1;UF;PB;6;Deputado Federal;04/10/2026;23:23:05;04/10/2026;23:22:24;s;10712;10712;3241966;3241966;2677904;564062;2677904;2399949;2330421;69528;154973;118771;117898;873;0;4211
6259-1-PB-7;6259;1;UF;PB;7;Deputado Estadual;04/10/2026;23:23:04;04/10/2026;23:22:24;s;10712;10712;3241966;3241966;2677904;564062;2677904;2399388;2249989;149399;139955;115508;115508;0;0;23053
6257-1-PE-1;6257;1;UF;PE;1;Presidente;05/10/2026;12:51:44;05/10/2026;12:51:05;s;21418;21418;7223450;7223450;5911062;1312388;5911062;5601017;5601017;0;109491;200554;200416;138;0;0
6259-1-PE-3;6259;1;UF;PE;3;Governador;04/10/2026;22:55:50;04/10/2026;22:54:57;s;21418;21418;7216989;7216989;5905236;1311753;5905236;5266852;5266852;0;156481;481903;481903;0;0;0
6259-1-PE-5;6259;1;UF;PE;5;Senador;04/10/2026;22:55:51;04/10/2026;22:54:57;s;21418;21418;7216989;7216989;5905236;1311753;11810472;9292778;9292778;0;1124608;1374907;1374907;0;0;18179
6259-1-PE-6;6259;1;UF;PE;6;Deputado Federal;04/10/2026;22:55:58;04/10/2026;22:55:11;s;21418;21418;7216989;7216989;5905236;1311753;5905236;5264503;5101066;163437;387863;251746;251191;555;0;1124
6259-1-PE-7;6259;1;UF;PE;7;Deputado Estadual;04/10/2026;22:56:01;04/10/2026;22:55:11;s;21418;21418;7216989;7216989;5905236;1311753;5905236;5248293;4887948;360345;393817;253732;253416;316;0;9394
6257-1-PI-1;6257;1;UF;PI;1;Presidente;05/10/2026;12:51:46;05/10/2026;12:51:05;s;10225;10225;2704758;2704758;2240883;463875;2240883;2146394;2146394;0;28329;66160;66108;52;0;0
6259-1-PI-3;6259;1;UF;PI;3;Governador;04/10/2026;23:37:32;04/10/2026;23:36:35;s;10225;10225;2703064;2703064;2239386;463678;2239386;2021200;2021200;0;76589;136522;136522;0;0;5075
6259-1-PI-5;6259;1;UF;PI;5;Senador;04/10/2026;23:37:32;04/10/2026;23:36:35;s;10225;10225;2703064;2703064;2239386;463678;4478772;3640949;3640949;0;299136;513163;506975;6188;0;25524
6259-1-PI-6;6259;1;UF;PI;6;Deputado Federal;04/10/2026;23:37:35;04/10/2026;23:36:53;s;10225;10225;2703064;2703064;2239386;463678;2239386;2109063;2026624;82439;71640;53054;52380;674;0;5629
6259-1-PI-7;6259;1;UF;PI;7;Deputado Estadual;04/10/2026;23:37:34;04/10/2026;23:36:53;s;10225;10225;2703064;2703064;2239386;463678;2239386;2104590;1943626;160964;67898;66071;66040;31;0;827
6257-1-PR-1;6257;1;UF;PR;1;Presidente;05/10/2026;12:51:50;05/10/2026;12:51:05;s;27142;27142;8613657;8613657;6841457;1772200;6841457;6585243;6585243;0;122499;133715;133447;268;0;0
6259-1-PR-3;6259;1;UF;PR;3;Governador;05/10/2026;11:46:40;04/10/2026;22:43:11;s;27142;27142;8600624;8600624;6829615;1771009;6829615;6242274;6242274;0;278322;307494;307494;0;0;1525
6259-1-PR-5;6259;1;UF;PR;5;Senador;05/10/2026;11:46:40;04/10/2026;22:43:11;s;27142;27142;8600624;8600624;6829615;1771009;13659230;11543639;11543639;0;1058678;1047719;1047719;0;0;9194
6259-1-PR-6;6259;1;UF;PR;6;Deputado Federal;05/10/2026;11:47:02;04/10/2026;22:43:40;s;27142;27142;8600624;8600624;6829615;1771009;6829615;6217229;6034278;182951;392163;187771;187700;71;0;32452
6259-1-PR-7;6259;1;UF;PR;7;Deputado Estadual;05/10/2026;11:47:12;04/10/2026;22:43:40;s;27142;27142;8600624;8600624;6829615;1771009;6829615;6180261;5794554;385707;437246;194591;194471;120;0;17517
6257-1-RJ-1;6257;1;UF;RJ;1;Presidente;05/10/2026;12:51:43;05/10/2026;12:51:05;s;37675;37675;12857648;12857648;9859802;2997846;9859802;9369700;9369700;0;201979;288123;287736;387;0;0
6259-1-RJ-3;6259;1;UF;RJ;3;Governador;04/10/2026;22:23:10;04/10/2026;22:19:52;s;37675;37675;12842517;12842517;9845867;2996650;9845867;8394627;8394627;0;501537;675292;675292;0;0;274411
6259-1-RJ-5;6259;1;UF;RJ;5;Senador;04/10/2026;22:23:10;04/10/2026;22:19:52;s;37675;37675;12842517;12842517;9845867;2996650;19691734;15923657;15923657;0;1700766;2061486;2061486;0;0;5825
6259-1-RJ-6;6259;1;UF;RJ;6;Deputado Federal;04/10/2026;22:23:21;04/10/2026;22:22:21;s;37675;37675;12842517;12842517;9845867;2996650;9845867;8743753;8467054;276699;518397;469524;445301;24223;0;114193
6259-1-RJ-7;6259;1;UF;RJ;7;Deputado Estadual;04/10/2026;22:23:26;04/10/2026;22:22:21;s;37675;37675;12842517;12842517;9845867;2996650;9845867;8479505;7943487;536018;570853;456993;454903;2090;0;338516
6257-1-RN-1;6257;1;UF;RN;1;Presidente;05/10/2026;12:51:43;05/10/2026;12:51:05;s;8115;8115;2659825;2659825;2171013;488812;2171013;2071898;2071898;0;33172;65943;65880;63;0;0
6259-1-RN-3;6259;1;UF;RN;3;Governador;04/10/2026;23:02:10;04/10/2026;23:01:26;s;8115;8115;2656207;2656207;2167714;488493;2167714;1986441;1986441;0;76524;104522;102371;2151;0;227
6259-1-RN-5;6259;1;UF;RN;5;Senador;04/10/2026;23:02:10;04/10/2026;23:01:26;s;8115;8115;2656207;2656207;2167714;488493;4335428;3606806;3606806;0;301982;426640;426640;0;0;0
6259-1-RN-6;6259;1;UF;RN;6;Deputado Federal;04/10/2026;23:02:12;04/10/2026;23:01:48;s;8115;8115;2656207;2656207;2167714;488493;2167714;1967700;1906878;60822;105390;94624;94498;126;0;0
6259-1-RN-7;6259;1;UF;RN;7;Deputado Estadual;04/10/2026;23:02:13;04/10/2026;23:01:48;s;8115;8115;2656207;2656207;2167714;488493;2167714;1938309;1849787;88522;103009;122474;121780;694;0;3922
6257-1-RO-1;6257;1;UF;RO;1;Presidente;05/10/2026;12:51:40;05/10/2026;12:51:05;s;4698;4698;1265893;1265893;991080;274813;991080;968059;968059;0;9846;13175;13109;66;0;0
6259-1-RO-3;6259;1;UF;RO;3;Governador;04/10/2026;20:51:22;04/10/2026;19:50:40;s;4698;4698;1265008;1265008;990313;274695;990313;945058;945058;0;23607;21648;21648;0;0;0
6259-1-RO-5;6259;1;UF;RO;5;Senador;04/10/2026;20:51:22;04/10/2026;19:50:40;s;4698;4698;1265008;1265008;990313;274695;1980626;1759898;1759898;0;82933;112479;112479;0;0;25316
6259-1-RO-6;6259;1;UF;RO;6;Deputado Federal;04/10/2026;20:51:23;04/10/2026;19:50:15;s;4698;4698;1265008;1265008;990313;274695;990313;932939;904018;28921;35350;19266;19023;243;0;2758
6259-1-RO-7;6259;1;UF;RO;7;Deputado Estadual;04/10/2026;20:51:24;04/10/2026;19:50:15;s;4698;4698;1265008;1265008;990313;274695;990313;942021;896601;45420;28295;17967;17909;58;0;2030
6257-1-RR-1;6257;1;UF;RR;1;Presidente;05/10/2026;12:51:40;05/10/2026;12:51:05;s;1519;1519;401521;401521;332772;68749;332772;325545;325545;0;2618;4609;4595;14;0;0
6259-1-RR-3;6259;1;UF;RR;3;Governador;04/10/2026;21:09:58;04/10/2026;20:05:49;s;1519;1519;400603;400603;331959;68644;331959;319336;319336;0;3677;8869;8869;0;0;77
6259-1-RR-5;6259;1;UF;RR;5;Senador;04/10/2026;21:09:59;04/10/2026;20:05:49;s;1519;1519;400603;400603;331959;68644;663918;603365;603365;0;21446;32859;32859;0;0;6248
6259-1-RR-6;6259;1;UF;RR;6;Deputado Federal;04/10/2026;21:09:59;04/10/2026;20:09:23;s;1519;1519;400603;400603;331959;68644;331959;318821;310618;8203;7649;5489;5231;258;0;0
6259-1-RR-7;6259;1;UF;RR;7;Deputado Estadual;04/10/2026;21:09:59;04/10/2026;20:09:23;s;1519;1519;400603;400603;331959;68644;331959;320928;311275;9653;4476;5637;5626;11;0;918
6257-1-RS-1;6257;1;UF;RS;1;Presidente;05/10/2026;12:51:50;05/10/2026;12:51:05;s;27547;27547;8522545;8522545;6702903;1819642;6702903;6423046;6423046;0;148339;131518;131265;253;0;0
6259-1-RS-3;6259;1;UF;RS;3;Governador;04/10/2026;21:12:40;04/10/2026;21:11:34;s;27547;27547;8516465;8516465;6697424;1819041;6697424;6055306;6055306;0;324123;315858;315858;0;0;2137
6259-1-RS-5;6259;1;UF;RS;5;Senador;04/10/2026;21:12:41;04/10/2026;21:11:34;s;27547;27547;8516465;8516465;6697424;1819041;13394848;11465782;11465782;0;1089553;837203;837203;0;0;2310
6259-1-RS-6;6259;1;UF;RS;6;Deputado Federal;04/10/2026;21:13:15;04/10/2026;21:11:59;s;27547;27547;8516465;8516465;6697424;1819041;6697424;6081271;5905067;176204;438835;149707;149349;358;0;27611
6259-1-RS-7;6259;1;UF;RS;7;Deputado Estadual;04/10/2026;22:22:12;04/10/2026;21:11:59;s;27547;27547;8516465;8516465;6697424;1819041;6697424;6106995;5772830;334165;439281;148840;147857;983;0;2308
6257-1-SC-1;6257;1;UF;SC;1;Presidente;05/10/2026;12:51:45;05/10/2026;12:51:05;s;17326;17326;5734651;5734651;4648159;1086492;4648159;4500897;4500897;0;69007;78255;78071;184;0;0
6259-1-SC-3;6259;1;UF;SC;3;Governador;04/10/2026;21:56:30;04/10/2026;21:55:27;s;17326;17326;5719541;5719541;4634550;1084991;4634550;4265641;4265641;0;169920;198989;198989;0;0;0
6259-1-SC-5;6259;1;UF;SC;5;Senador;04/10/2026;21:56:30;04/10/2026;21:55:27;s;17326;17326;5719541;5719541;4634550;1084991;9269100;8041100;8041100;0;607118;608907;608907;0;0;11975
6259-1-SC-6;6259;1;UF;SC;6;Deputado Federal;04/10/2026;21:56:38;04/10/2026;21:55:55;s;17326;17326;5719541;5719541;4634550;1084991;4634550;4231498;4109395;122103;251824;122577;121831;746;0;28651
6259-1-SC-7;6259;1;UF;SC;7;Deputado Estadual;04/10/2026;21:56:42;04/10/2026;21:55:55;s;17326;17326;5719541;5719541;4634550;1084991;4634550;4271084;4054787;216297;235529;110684;110186;498;0;17253
6257-1-SE-1;6257;1;UF;SE;1;Presidente;05/10/2026;12:51:41;05/10/2026;12:51:05;s;5923;5923;1740135;1740135;1439082;301053;1439082;1364196;1364196;0;24859;50027;49970;57;0;0
6259-1-SE-3;6259;1;UF;SE;3;Governador;04/10/2026;22:08:19;04/10/2026;22:07:20;s;5923;5923;1737460;1737460;1436609;300851;1436609;1189927;1189927;0;54754;154847;121652;33195;0;37081
6259-1-SE-5;6259;1;UF;SE;5;Senador;04/10/2026;22:08:19;04/10/2026;22:07:20;s;5923;5923;1737460;1737460;1436609;300851;2873218;2254769;2254769;0;220770;319279;319279;0;0;78400
6259-1-SE-6;6259;1;UF;SE;6;Deputado Federal;04/10/2026;22:08:20;04/10/2026;22:07:55;s;5923;5923;1737460;1737460;1436609;300851;1436609;1283700;1242532;41168;74513;65428;64076;1352;0;12968
6259-1-SE-7;6259;1;UF;SE;7;Deputado Estadual;04/10/2026;22:08:20;04/10/2026;22:07:55;s;5923;5923;1737460;1737460;1436609;300851;1436609;1236582;1165215;71367;73203;69893;69620;273;0;56931
6257-1-SP-1;6257;1;UF;SP;1;Presidente;05/10/2026;12:51:59;05/10/2026;12:51:05;s;103656;103656;34122892;34122892;26431992;7690900;26431992;24882948;24882948;0;632801;916243;914888;1355;0;0
6259-1-SP-3;6259;1;UF;SP;3;Governador;05/10/2026;11:44:29;04/10/2026;22:56:59;s;103656;103656;34081699;34081699;26394256;7687443;26394256;23130513;23130513;0;1348262;1915481;1893111;22370;0;0
6259-1-SP-5;6259;1;UF;SP;5;Senador;05/10/2026;11:44:31;04/10/2026;22:56:59;s;103656;103656;34081699;34081699;26394256;7687443;52788512;43377903;43377903;0;4291919;5109958;4978949;131009;0;8732
6259-1-SP-6;6259;1;UF;SP;6;Deputado Federal;05/10/2026;11:47:48;04/10/2026;22:58:07;s;103656;103656;34081699;34081699;26394256;7687443;26394256;23674188;22988308;685880;1561578;1128132;1121222;6910;0;30358
6259-1-SP-7;6259;1;UF;SP;7;Deputado Estadual;05/10/2026;11:48:53;04/10/2026;22:58:07;s;103656;103656;34081699;34081699;26394256;7687443;26394256;23290014;21795381;1494633;1847209;1220728;1220225;503;0;36305
6257-1-TO-1;6257;1;UF;TO;1;Presidente;05/10/2026;12:51:42;05/10/2026;12:51:05;s;4384;4384;1182023;1182023;965196;216827;965196;930447;930447;0;8344;26405;26377;28;0;0
6259-1-TO-3;6259;1;UF;TO;3;Governador;04/10/2026;21:18:59;04/10/2026;20:59:57;s;4384;4384;1180433;1180433;963810;216623;963810;848629;848629;0;27085;88096;87069;1027;0;0
6259-1-TO-5;6259;1;UF;TO;5;Senador;04/10/2026;21:18:59;04/10/2026;20:59:57;s;4384;4384;1180433;1180433;963810;216623;1927620;1650411;1650411;0;93579;180376;180376;0;0;3254
6259-1-TO-6;6259;1;UF;TO;6;Deputado Federal;04/10/2026;21:19:00;04/10/2026;21:18:22;s;4384;4384;1180433;1180433;963810;216623;963810;902567;874403;28164;28980;27981;27958;23;0;4282
6259-1-TO-7;6259;1;UF;TO;7;Deputado Estadual;04/10/2026;21:19:01;04/10/2026;21:18:22;s;4384;4384;1180433;1180433;963810;216623;963810;909289;852228;57061;24028;23220;23126;94;0;7273
6257-1-ZZ-1;6257;1;Exterior;ZZ;1;Presidente;05/10/2026;12:51:41;05/10/2026;12:51:05;s;1351;1351;916534;916111;341766;574345;341766;330882;330882;0;5816;5068;4945;123;0;0
